"ids","rel.ids","mzs","RTs","Int"
1,0,191.01861719518,56.672308670847,1790060032
14,0,192.021783519092,56.6286632434742,124421424
30,0,111.007145845672,56.7767747577868,71385696
75,0,193.022429708464,56.6368165545993,25689804
177,0,405.027846951773,56.9305170420054,10976916
332,0,290.94460507177,57.1459204184042,5477655
414,0,112.010457709611,56.7475933498806,4262903.5
2,1,116.070110357874,50.0836273996454,520144960
66,1,117.073362880363,50.1189183686909,29297400
260,1,215.996056139699,50.103550169203,6917490.5
328,1,162.075811677882,50.3274472889147,5607635.5
341,1,335.075494337108,50.101493411594,5342488.5
3,2,289.067478057882,59.8251756366931,447487072
4,2,243.061689806793,58.3721452010305,406734016
40,2,290.070875865257,59.9524153659218,49079840
51,2,244.064957198353,59.006003931949,39741840
73,2,487.130883176386,60.0344904119318,25933654
322,2,111.018357024989,57.2974445945338,10458072
220,2,360.997779387031,61.1062876757453,8256727.5
227,2,291.071962280714,59.8964770923961,8074327.5
288,2,110.023120534308,60.7074679324501,6405828
334,2,311.049437899296,60.1172676086426,5475496.5
353,2,245.065851905883,59.9101949171586,5105660.5
395,2,488.134504738982,60.0482905994762,4427387.5
1127,2,361.999310097421,61.3058993599632,1303866.625
5,3,128.033781906016,61.0635142075388,338185824
65,3,257.077519224932,61.0692207336426,30457646
100,3,129.037056008302,60.9745199873641,19203454
128,3,173.007879254066,59.8819736904568,13948646
153,3,160.060146318551,60.6763525266905,12055359
186,3,227.959825031828,61.479171534947,10240589
544,3,258.080855583967,65.4463351658412,3254978
739,3,130.037911310751,61.0046453475952,2189989
1408,3,228.959478268923,61.4847027546651,977096.4375
1565,3,174.011357158406,59.865016301473,875141.4375
1619,3,161.063463249622,60.6770904541016,841023.625
3492,3,229.958807593962,61.7861737932478,344412.8125
6,4,131.04473454435,39.6820029181403,280279104
19,4,131.081103656173,41.0788204795436,103382472
93,4,113.034027326444,41.5232162475586,20959078
143,4,132.048006154331,39.7134895324707,12594275
165,4,114.018053285954,40.2607721895785,11712721
321,4,132.084447237984,41.2717176013523,5746935.5
7,5,372.104281944871,60.6506746564593,246762576
54,5,373.107744075787,60.6192018845502,37858048
57,5,279.038625739751,60.2067093720307,33095548
185,5,281.035804855117,60.2692597129128,10286166
270,5,374.109334245151,60.7068248930432,6672787.5
539,5,280.042149291605,60.2967607324774,3268478.25
938,5,427.051843524371,60.5916831276634,1635660.25
1371,5,282.039348261167,60.2555257623846,1018240.4375
2191,5,427.553461213518,60.4753287179129,581753.75
8,6,111.018430640453,50.1896486784282,199623504
39,6,215.066461615964,50.7870809282575,50092248
61,6,122.023151795,53.7007260573538,32100334
113,6,163.059824474773,50.5193329947335,15556405
135,6,160.060164768904,50.6177586003354,13710070
210,6,112.021752283212,50.1736400001927,8723022
268,6,187.071282820318,49.839503805978,6714569
307,6,185.055632432943,50.7104737418039,5954435.5
424,6,216.0697375294,50.8312801906041,4178706.25
693,6,547.072617561089,51.69101965768,2364848
699,6,113.022771462148,50.1006477757504,1005263.375
2806,6,548.0758750963,51.5750888279506,444582.40625
9,7,118.049367051049,40.344671952097,182134320
23,7,104.033673339213,40.6597074207507,91288304
24,7,193.034294677118,41.10957547238,86211376
219,7,119.052710325585,40.3322257995605,8311144
282,7,239.015944792305,39.8846556923606,6515321.5
354,7,74.0244889908588,41.6551639155338,5081522
10,8,174.087160719855,40.2880299542401,172005888
45,8,210.064149737225,40.3484850989448,43730316
124,8,232.046039615435,42.4160031212701,14336024
125,8,212.061172370123,40.3942219278087,14262632
172,8,175.090435466857,40.2976316972212,11244804
11,9,115.00212780001,63.955962532445,156761776
59,9,231.013935731931,63.9459613453258,32614088
180,9,252.996126118623,63.945333480835,10639235
211,9,71.0136855669822,63.8255980642218,8600043
240,9,116.005426588973,64.0334086947971,7493302.5
271,9,214.92804945278,63.9987878799438,6666044
585,9,232.017282507952,64.0440150174228,2993851.5
1058,9,117.006242982767,64.094513575236,1410991.625
1490,9,253.999508232502,63.9889673753218,920560.625
1492,9,263.93181827724,64.8795712210915,918943.9375
1753,9,262.933984583934,64.9657672535289,758306.5625
4056,9,72.0170558853394,63.9737952839245,289603.25
12,10,349.183562215949,40.4925382787531,140242960
105,10,350.187254841593,40.556813621521,16867904
13,11,236.022787996018,43.6607321661872,137882880
182,11,237.026337575322,43.5945469538371,10452105
300,11,238.018566451347,43.6463554170397,6153739
551,11,218.012113325029,43.6738589604696,3224618.75
5239,11,219.014581233985,44.2050292275169,266893.34375
15,12,92.9266217770259,39.3374724251883,118288224
27,12,94.9235989234903,39.4168588850233,81740832
127,12,96.9204138184759,39.3287078857422,13976652
222,12,154.926817982809,40.0911629813058,8195769
16,13,129.054189106981,271.618792885228,116450888
232,13,130.057422562986,271.891561407792,7884257.5
563,13,197.042034637385,271.818395514237,3171706
1832,13,131.058246520931,272.03220476423,716219.4375
2176,13,277.983710010846,271.780044119699,588535.6875
2903,13,276.9859257799,271.788909040179,427576.71875
4351,13,198.045385732334,271.752838134766,269107.0625
6756,13,278.981104218057,271.78004586356,161222
17,14,148.042305823552,56.0111697347541,113329400
230,14,216.030213190154,54.9659392220633,7961945.5
293,14,149.045614636845,55.9658187230428,6273983
335,14,150.038040221177,55.9235109753079,5464360.5
18,15,112.984018693435,37.5336687188399,105760448
64,15,248.960004999453,37.4439661126388,30746580
119,15,180.971851601015,37.4684457276997,14917284
645,15,113.98728715189,37.5336698230944,2570155.5
1036,15,249.963357765074,37.4034039346795,1449077.625
1456,15,114.988184991442,37.5255116914448,941198.75
2193,15,181.975233832895,37.4355558094225,581200.5
20,16,241.118899945281,323.974617004395,103227360
146,16,242.122051822439,323.97566179548,12518165
343,16,341.044167155849,324.091414969308,5222379
438,16,281.123847147326,324.466161237444,4012907.75
526,16,309.106533559088,324.127147565569,3371247
1476,16,243.123627936676,323.984435163225,930200.875
1568,16,342.046074131409,324.145146833147,873862.25
2491,16,343.043165083099,324.100132533482,505159.5625
2663,16,310.110050284409,324.038138253348,471825.84375
2691,16,282.127201311048,324.430487932478,465949.8125
3520,16,344.041359655701,324.091475132534,341766.5
21,17,288.119893923769,59.4817368643624,102006976
156,17,289.123027207507,59.4379368373326,11968083
22,18,225.060825762725,39.0577203850997,94959600
25,18,88.0393702390407,42.1042911127994,83867664
26,19,120.010888897244,41.0716894323176,83299216
28,20,306.07629208615,52.1518968854632,76916312
214,20,307.079857210455,52.1515539986747,8558401
525,20,308.071988055728,52.1694650922503,3391180
29,21,175.023568471061,50.6595408121745,76384456
31,22,130.085820402544,84.6282814427426,68589920
323,22,259.1295891674,83.2258747645787,5704468.5
376,22,131.089120309887,84.8451222871479,4706707.5
989,22,134.893086287941,86.5677943982576,1540961.125
6438,22,135.893270643147,86.4964159915322,171870.15625
32,23,227.103054924323,245.11870235867,64355900
252,23,228.106202450279,245.102239554269,7181666.5
515,23,327.028588144001,245.157279314314,3484241.5
2417,23,328.030326402032,245.157761056083,520820.46875
2556,23,329.028032655212,245.148753574916,491477.75
2927,23,330.02601378164,245.130143083845,422055.8125
33,24,164.07037320048,137.1464912013,59486936
287,24,232.058408732444,137.53463992557,6405956.5
314,24,165.073619942793,137.242335670873,5853606.5
403,24,263.996615107899,137.249916924371,4333949.5
824,24,432.072804089083,137.5315284729,1953497.25
1189,24,287.0881386696,137.765885202508,1224279.875
1268,24,431.074994488068,137.522616068522,1139690.5
1876,24,233.061705142838,137.479171329074,696584.75
2143,24,551.146291481766,137.311592102051,598793
2664,24,433.072635617845,137.51356209649,471614.625
2985,24,264.997552062371,137.267557646099,411720.1875
3468,24,550.148173692639,137.346635606554,347333.5625
4842,24,552.147280885161,137.382126702203,236100.375
6987,24,288.091515566224,137.869633265904,154142.34375
34,25,359.07291342228,62.9272552837025,58271732
35,26,311.168526560694,642.459870990954,57407296
175,26,312.171729638445,641.309229800576,11037272
637,26,313.164134114355,641.807037353516,2610593
756,26,379.155635137503,642.018231843647,2133383
2774,26,380.159042969302,642.149610017475,449977.59375
2792,26,314.167592923565,642.035483912418,447149.03125
46,27,311.168451599621,637.106061433491,56492428
37,28,231.098037875247,42.8286445617676,54088540
224,28,213.087213278354,42.8311342663235,8143186
313,28,247.093015821426,42.9971069335937,5894559
325,28,152.994441054209,42.513253566197,5685955
333,28,232.101284464008,42.8287046160017,5475899.5
793,28,426.021646853273,43.8478141360813,2022059.75
5293,28,427.025057308836,43.58599722726,212404.734375
36,29,311.168516609838,648.423922890111,52895396
38,30,61.9881971308859,781.017224763569,50677020
70,30,112.984012569181,780.6010260331,27509218
2155,30,113.987317465844,780.743466025905,593067.125
41,31,135.02972788932,53.844432630037,48671320
356,31,678.092911692599,54.4595140729632,5065468
642,31,136.033006040645,53.809294455392,2592341.5
1273,31,679.096086890462,54.4503675188337,1134050.5
42,32,391.032150340561,52.7064087607644,48156884
162,32,390.036271008134,52.7357323056176,11847179
281,32,392.035611590265,52.6912798200335,6535075
43,33,325.184025792515,671.267494603207,45944272
197,33,326.187266218853,670.201436896073,9430362
834,33,327.179666821173,671.309173583984,1917616.625
966,33,393.171398217255,671.063985724198,1580850.875
1901,33,327.189929087406,669.062217310855,942010.3125
3144,33,328.182953254456,670.096782483553,388726
3652,33,394.174375902072,671.130605597245,329718.53125
44,34,293.114223651065,285.375834437779,45467428
264,34,294.117551109635,285.35741141183,6865067.5
546,34,315.09604239969,285.337840924944,3250207.25
655,34,393.039266971722,285.394224330357,2516788.75
1783,34,295.119547689049,285.421821812221,742506.375
2434,34,394.041216077319,285.393580845424,515396.4375
2540,34,349.033586767118,285.422167096819,494882.4375
2544,34,316.099187823028,285.356422642299,494324.75
3746,34,315.119477147823,285.805365862165,337068.1875
4050,34,350.03069934927,285.411910574777,290509.0625
5743,34,351.028225810224,285.440897914342,194686.734375
47,35,325.18400820703,665.79767006322,43385632
205,35,326.187286396205,665.824305484169,8931481
815,35,327.179665885907,665.368117483039,1973067.75
49,36,129.054187592798,252.138982270893,40746024
611,36,130.057472138368,251.91739654541,2750205.25
1220,36,374.156371768526,251.441162109375,1191860.125
3462,36,277.983730048995,251.914221191406,347884.28125
4527,36,276.98594599815,251.923470633371,256853.078125
4659,36,131.058311485916,252.16480582101,248089.453125
5960,36,375.159948959846,251.459748622349,187084.375
50,37,151.024687503829,58.2141630842879,40108700
171,37,611.142808993264,58.7826132638114,11396721
52,38,259.075550120075,241.711243983677,38881656
330,38,550.214628329802,242.400318254743,5560820
434,38,260.078892703797,241.692972237723,4065967.25
827,38,327.062928033699,241.711286708287,1934813.5
898,38,261.071260817047,241.683866664342,1713433.5
1011,38,551.217895482008,242.400225830078,1493918.375
2087,38,572.196073399452,242.687041364397,621749.3125
2987,38,360.999919045647,241.675010899135,411562.625
3122,38,361.998234802596,241.692959158761,390938.09375
4178,38,552.220118751991,242.336150687081,282631.875
4905,38,328.066597136523,241.720301600865,232782.140625
6508,38,573.1992911508,242.61323765346,169482.765625
53,39,179.054874651385,40.8322582760373,37869268
132,39,135.028347841824,40.7804074538381,13834021
195,39,165.039125389034,40.4151274191367,9472443
352,39,237.060885345494,40.7310520807902,5109582.5
638,39,180.058219738401,40.8995480924039,2602293
55,40,165.054418675969,340.416600277549,36323136
150,40,294.098162078692,339.896068464007,12164016
183,40,172.096610036328,339.997944882042,10434035
508,40,166.057709786453,340.386066012912,3532838
653,40,543.688315776295,339.69534476144,2520306.25
855,40,295.101276115974,339.887051827567,1863668.625
1202,40,544.189799618001,339.66790335519,1216570.375
1451,40,173.099953153448,340.3248046875,942773.75
2750,40,544.690256697756,339.631116594587,454638.3125
2996,40,601.739285532975,341.191482979911,408952.03125
4903,40,602.240875018433,341.136291503906,232856.828125
56,41,173.103140209773,38.9635981997928,35670832
664,41,174.106413653711,38.9762547810872,2481776.25
58,42,325.183978013237,678.228552567331,32897676
278,42,326.187325830216,678.10714400442,6625564.5
1047,42,327.179681384246,677.702047247636,1427256.5
1221,42,393.17139803711,677.623880486739,1352175.25
4218,42,328.183009766534,677.660275107936,279585.96875
4846,42,394.174397982261,678.006206311678,257741.953125
60,43,134.89316291709,41.4543063515111,32516690
63,43,96.9679487162069,40.9675976602655,30977024
111,43,80.9741623055154,40.8227050178929,15956247
151,43,132.944818459473,40.8126774379185,12153712
168,43,136.89020891822,41.5028006905004,11583966
261,43,82.9712204624797,40.9894327866404,6902156
471,43,135.893264203785,41.4620965656481,3795650.25
1216,43,137.890311715357,41.5802917480469,1201513.125
3574,43,138.888540405276,41.7585973997374,336192.59375
4712,43,81.9774961170242,40.5666548592704,244172.984375
62,44,275.103670743563,342.066366141183,31953354
189,44,314.114441291654,341.701885986328,9982758
367,44,276.106739532868,342.084566824777,4904457
905,44,315.117990373802,341.665416608538,1698325.875
67,45,441.198747342051,307.525972202846,28732602
296,45,442.201851135363,307.525989641462,6241843.5
846,45,541.123439216973,307.525997488839,1883266.75
6798,45,541.298356653998,307.876538957868,160176.578125
68,46,119.033357124451,54.8217955137554,28087274
148,46,147.028464683981,55.0498454445287,12406438
1203,46,120.036714280603,54.7665824890137,1215489.375
69,47,149.026343266292,209.153434351871,27679542
980,47,150.029619353713,209.101043701172,1559163.375
1126,47,151.022062001864,209.101108224051,1306765.75
2971,47,587.664056087673,209.509533255441,414224.5
3869,47,251.950323527826,209.082293701172,306353.5625
4923,47,250.952530276565,208.94340863909,231831.421875
5840,47,588.165623143672,209.592675345285,191638.96875
72,48,116.926937749951,85.1465978120503,26424016
575,48,117.927019617922,84.961510507684,3043936
1628,48,118.925255641312,84.4296152215255,836067.5
77,49,199.071422924889,76.700783835517,25489234
404,49,230.06631352812,76.1895405360631,4331452.5
738,49,200.074676362297,76.7055454799107,2190801.75
920,49,324.528632492325,78.050804574149,1665703.25
1682,49,344.039597640728,75.7433622087751,799318.8125
2728,49,231.069644437898,76.1525440761021,457696.125
3082,49,325.030432327625,78.0415910993304,396982.625
5701,49,344.541186493315,75.8817158290318,196477.6875
78,50,146.044429018342,47.9591093565288,25194504
90,50,229.082284680523,48.9933527265276,21902784
225,50,362.050427320973,47.3319811139788,8097537.5
318,50,262.092919943678,48.4014445713588,5818543
837,50,230.085579697897,48.9563862391881,1903006.5
80,51,131.06983727546,328.467600772255,24909822
428,51,172.096651046099,329.264711881939,4152683.25
902,51,132.073142180564,328.367949567522,1706403.125
1168,51,395.193003212115,328.433436802455,1251399.125
3090,51,173.099989770276,329.300014295076,395528.28125
4741,51,396.196615676036,328.377056884766,242821.203125
6543,51,133.074001404382,328.386646379743,167877.390625
81,52,528.28219819607,412.518535505022,24879306
213,52,612.287485335261,411.903153773716,8559551
236,52,529.285274212527,412.491147286551,7610664.5
666,52,613.290714799267,411.857200404576,2468034.5
1089,52,530.288171161984,412.472582135882,1349914.625
1281,52,596.269328929272,412.822106061663,1126179.25
1627,52,628.206634589054,412.564382498605,836772.5
2284,52,614.293071570926,411.921187918527,554488.75
3505,52,629.208954973473,412.638248116629,343414.6875
3518,52,597.272866544066,412.803630719866,341856.0625
82,53,285.072610302788,233.364899529351,24323392
170,53,331.078082327568,233.393406080163,11441058
83,54,205.034404594554,82.8171134524875,23889006
838,54,206.03773207026,82.8545920054118,1898842.5
84,55,191.018634426934,48.5777250591077,23788004
958,55,192.021990298967,48.6073138262774,1593422.375
3096,55,193.022767207106,48.9896747801039,328440.8125
87,56,297.152666099519,623.83860859118,23768612
98,56,297.152657039546,621.15504375257,23768612
431,56,298.155992337222,622.884084601151,4152698.5
507,56,298.155991186882,621.404214959396,4152698.5
1505,56,365.139830956006,621.288190339741,1110490.375
1364,56,299.14839378933,624.122643721731,1070393.875
5258,56,366.143270949313,624.11402812757,214367.578125
5956,56,300.151783428832,620.545182077508,182923.140625
85,57,273.120238277204,50.0282283238002,23581756
649,57,274.123633988872,49.9668292454311,2542971
86,58,180.065442408764,64.4251973893907,23189428
239,58,321.04893403811,63.7418419974191,7510014.5
393,58,524.624831332134,65.7544381277902,4444338
694,58,181.068758765745,64.4235804966518,2362603.5
900,58,525.126428378378,66.1918740408761,1707765.5
1650,58,322.052468654837,63.6963328770229,825972.125
2211,58,525.627464675882,65.8590170724051,575777
2459,58,226.071364749206,64.3514192853655,511164.375
2520,58,328.994600433369,65.2409766060965,499224.3125
3274,58,327.99696038189,65.1762687683105,370478.3125
6746,58,227.058741985259,64.0105200631278,161510.09375
89,59,133.049059352026,62.8360291531211,22437960
173,59,344.039689595877,62.9801534380232,11083702
273,59,305.017652677751,63.8413649422782,6647163.5
1132,59,305.519384282266,63.8953505379813,1295183.875
1147,59,134.052389109776,62.6152796064104,1277909.5
1291,59,345.043555997907,63.0691822596959,1115633
3527,59,306.020194426541,63.9201513017927,341297.65625
5520,59,135.053215109784,62.5898278372628,203660
92,60,346.055465336565,45.8418354579381,21257350
198,60,323.028259984308,45.7280238560268,9357475
237,60,662.100140019976,45.4105461120605,7561821
106,61,146.044413138293,40.2863305744372,20734524
1388,61,147.047769156078,40.4122334586249,1065371.125
95,62,291.098529363206,247.463409423828,20046834
579,62,292.101872011544,247.463409423828,3032390.25
2000,62,440.250824748574,247.65962437221,650294.5
2982,62,578.686907900829,247.920780290876,412644.15625
5137,62,579.188410967,247.865021187919,220409.90625
6864,62,441.254383868078,247.566154697963,158262.15625
96,63,215.031846590509,40.0669333999221,19771176
157,63,61.9882016053103,41.1553513376336,11945603
269,63,217.028917807708,40.066869477968,6688211.5
97,64,158.977223268223,34.372602261995,19726592
597,64,160.974726088854,34.3723344300923,2882113.75
717,64,159.977853564066,34.3468733335796,2266009.5
990,64,130.982123257395,34.3461799621582,1539647.625
5788,64,131.982954429284,34.3422313145229,193163.640625
101,65,370.161630523247,331.176884242467,18984792
531,65,371.165078662053,331.205023193359,3314326.5
102,66,203.081597741143,229.943607330322,18889050
437,66,271.069828469218,229.915935516357,4014970
742,66,204.084921318986,229.906844245063,2182996.75
1591,66,352.010452813572,229.943559434679,853384.9375
2229,66,351.012928973784,229.897355397542,572008
2620,66,272.073150629758,229.851653628879,479461.8125
103,67,412.219821478506,267.238405936105,18530636
481,67,413.223247322634,267.247468784877,3695897.5
107,68,442.230299741818,257.494381277902,16658778
501,68,443.23360459245,257.47565133231,3581318.5
839,68,487.215118267834,257.691068812779,1897562.25
1252,68,510.217111460828,257.606721714565,1152610.5
3137,68,488.218321408525,257.644272286551,389316.9375
7057,68,509.196541509062,257.747194998605,152222.015625
108,69,114.054481579093,43.6951114252994,16570803
1581,69,115.057842041902,43.7981605529785,863702.8125
110,70,339.199456995101,692.550384521484,16233164
519,70,340.202828231067,692.284621389289,3447136.75
112,71,265.147673437671,617.557108025802,15737596
786,71,266.15112978603,617.531666002776,2032993
1985,71,267.143485323682,617.634243613795,655809.375
109,72,339.199447084121,698.392194245991,15308015
542,72,340.202811918572,698.392129998458,3258989.75
2060,72,407.186756826311,699.560468171772,649789.5
2138,72,341.195095218012,699.311937834087,600870.1875
4159,72,341.205661031796,700.008728027344,315998.40625
6366,72,408.190162778063,697.234021638569,174079.8125
114,73,489.271491973062,363.039461844308,15162367
115,73,560.275059702973,363.656640625,15077111
411,73,561.27816736571,363.619929722377,4290848.5
429,73,490.2747794383,363.021033586775,4150973.25
843,73,551.319443563903,363.591885811942,1886064.5
1812,73,562.27398498373,363.832400948661,724704.875
1896,73,491.277613777266,363.030189732143,688261.25
2036,73,660.200024812642,363.638184465681,637263.5625
2345,73,628.262039317384,363.776862444196,534895.125
2349,73,552.32279027404,363.582607596261,534052.9375
2630,73,552.267120273475,364.110281808036,478330.53125
4882,73,661.202328470657,363.647769601004,233763.734375
5898,73,563.274643041387,363.675193568638,189559.4375
6257,73,629.265312234837,363.842125592913,177795.421875
116,74,197.806926565266,42.0209092276437,15049445
149,74,195.809922650251,42.1183066231864,12298206
238,74,199.803946509804,42.0385789053781,7554620.5
329,74,153.867180424854,42.5336100987026,5565217.5
490,74,155.864235601302,42.6842787606376,3665666.75
2173,74,154.867336006532,42.7917751857213,588778.5625
121,75,241.118843680731,303.65858328683,14605729
123,76,336.073054961946,50.0774494806925,14390468
652,76,101.932124611131,50.11168058295,2523988.5
3423,76,102.930365298625,50.004440809551,558929.9375
126,77,134.045729181076,45.7402534484863,14121535
130,78,425.080087367773,41.3018136457963,13901583
303,78,185.021030267948,41.2602003973884,6095641
810,78,426.083394283377,41.2437498910086,1977227.75
830,78,187.018126328077,41.2459415859646,1921020.625
3484,78,186.024349775436,41.3424128941127,345645.375
131,79,226.995764972327,43.9878692626953,13894622
382,79,228.992938076763,44.0306063565341,4538528.5
1439,79,227.999143129779,44.0769898264032,953185.375
3304,79,229.996261628956,43.9854616437639,366868.6875
133,80,650.387188352312,353.086815534319,13800785
355,80,651.390172669281,353.059042794364,5067147
391,80,459.227960069059,352.230461774554,4476659.5
1332,80,652.392796996298,353.077457972935,1055208.75
1434,80,460.231375948093,352.230486188616,954438.3125
2082,80,718.373763534566,353.133388846261,623385.625
4751,80,719.376997065293,353.124198695592,241889.296875
134,81,117.017697747451,69.5537133467825,13715663
2043,81,118.021036638063,69.6563912468987,635092.125
136,82,551.319227557154,400.859254673549,13559608
201,82,354.203229303985,402.000089808873,9223089
446,82,552.322387030796,400.831234305246,3971538
923,82,355.206749833129,402.028024727958,1659253.625
1734,82,651.244561962968,400.907106236049,768522.625
1875,82,553.325026917682,400.801791817801,696807.1875
2037,82,619.305716561032,400.405947440011,637201.9375
3845,82,652.246289903037,400.783749825614,308987.6875
5885,82,620.309144205436,400.567218017578,190007.1875
137,83,494.261503189863,371.058534458705,13559213
245,83,340.187411806401,370.637285505022,7377799.5
503,83,495.264751970231,371.06781703404,3569946.25
1157,83,341.190957232162,370.656635393415,1267802
1730,83,440.11253471838,370.759014892578,770909.125
2159,83,496.267402085209,371.067821393694,592514.5
5965,83,441.114679706981,370.750492640904,187006.34375
7003,83,342.193519723687,370.69363054548,153888.484375
138,84,595.662458784841,165.803621080187,13194960
294,84,596.163843317065,165.943591744559,6270992.5
728,84,596.664999293062,165.925469970703,2241425.75
1014,84,606.653072963912,165.954286847796,1488454
1821,84,607.154530751604,165.963517107282,720934.8125
1835,84,624.120966245526,165.971423775809,715620.625
2063,84,597.166265645907,165.813230242048,628962.3125
2686,84,645.624444798241,166.065284511021,467098.96875
2772,84,624.621351854539,166.028210449219,450138.96875
2960,84,623.621479419301,166.027537754604,415990.75
4072,84,617.643563408024,166.31987261091,288738.40625
4112,84,646.125818100185,166.047722952706,286043.375
4366,84,635.111933436823,166.279882376535,268136.9375
4571,84,607.656684075079,166.04633745466,253567.5625
5545,84,625.122344901634,166.187610735212,202775.9375
6237,84,635.612134747419,166.215572684152,178598.5625
6783,84,618.144939798827,166.141258457729,160515.109375
6819,84,597.667531659871,166.057609340123,159626.171875
6892,84,634.612515361298,166.141332135882,157592.390625
141,85,241.118867183307,310.86071364944,12926609
1246,85,558.276858263048,311.572041538783,1162881.25
3514,85,559.271014790267,311.078497314453,342394.71875
147,86,195.049876089593,40.5374331223337,12481006
159,87,257.077580773882,68.5254917689732,12137509
1167,87,258.080885644927,68.4879917689732,1404333.375
1431,87,444.22796446458,67.9764236450195,958032.375
5638,87,445.231419264409,67.9664653233119,199148.859375
152,88,440.131900249076,276.983596801758,12085101
702,88,441.135495871297,276.938516790217,2340984
155,89,199.071409433729,70.1984151204427,11981035
200,89,229.082309647706,70.0233779907227,9224249
681,89,359.156956075235,70.1523230416434,2394431
1352,89,200.07470805469,70.1801055908203,1032430.5625
1523,89,230.085583494807,70.0604051862444,894532.625
3650,89,360.160620869064,70.181003679548,329392.1875
158,90,147.064825158149,108.607718216745,11885452
243,90,252.146144225123,107.738146100725,7423792.5
426,90,249.135245712107,108.623349652972,4161477.25
454,90,298.151642680966,107.691439819336,3885844.5
1129,90,295.140714230581,108.68841683524,1298639.75
1562,90,253.149392774839,107.681984601702,877259.3125
1696,90,148.068155418385,108.576463099888,790223.75
2307,90,250.138524417954,108.642170061384,546628.5
2541,90,289.103858985219,108.558050755092,494518.25
2672,90,299.155209232209,107.663444519043,470170.28125
3139,90,288.123039359797,107.672729274205,389182.34375
6407,90,296.144214428497,108.604857962472,172829.78125
164,91,464.277385420511,641.813044497841,11753484
603,91,465.280789522775,641.812300398543,2811119.75
167,92,132.028725357532,40.1244621276855,11632264
2019,92,133.032088209348,40.1132670222102,642929.375
169,93,163.038733415149,292.496296932823,11572612
1257,93,164.042065550176,292.343233816964,1149077.25
176,94,421.109658582366,70.8499400926673,11020985
844,94,422.113113950736,70.9839033647017,1885678.25
3088,94,423.114612394981,70.851317319003,395806.46875
179,95,312.171723250483,646.193563360917,10640378
680,95,313.164145656862,646.176492791427,2396553.75
802,95,379.15563536963,647.965683786493,1986223.875
2868,95,314.167602214149,645.711742200349,435112.28125
3073,95,380.159044869655,647.29032657021,398078.40625
181,96,305.044593954536,80.2501375470843,10632226
730,96,483.292759941399,82.0198357718331,2227821.75
1274,96,306.048228723962,80.2591918945313,1133240.625
2438,96,484.296213379102,82.0193161010742,514831.25
2888,96,307.040307526953,80.2965406145368,430105.09375
184,97,117.054061857202,215.570081208882,10290933
2208,97,118.057362059586,215.732281155056,576669.25
187,98,267.073218513162,78.4001963847392,10074295
1344,98,268.076610943099,78.4364619663783,1043399.625
188,99,204.069015118113,296.878269740513,10068578
1105,99,576.269614406261,297.423059953962,1338312.875
1612,99,205.072350091806,296.878419712612,846191.625
2847,99,206.064790854848,296.850098528181,438833.5
3350,99,577.272921426521,297.451186697824,360064.375
190,100,133.012755434759,47.2355713091399,9908778
191,101,472.24058565115,295.496391950335,9729566
760,101,473.243949469513,295.515805489676,2121385.5
193,102,687.418200389936,411.322596086775,9560332
476,102,688.421232623319,411.304033551897,3754130
1704,102,689.423887198554,411.341040910993,788084
196,103,87.007739283891,48.0785807559365,9436453
3342,103,88.0111040046669,47.8797339389199,361573.25
202,104,357.088744606536,209.527924891881,9065146
1368,104,358.092324924961,209.499933297294,1019409.625
3646,104,359.084297390205,209.546781703404,329593.5625
203,105,188.055347243419,62.7090412775675,9060013
1797,105,189.058678448909,62.8300889151437,732521
204,106,174.954855422273,34.3554381320351,9006378
3901,106,175.958207917578,34.3470241145084,303569.5
206,107,473.206914056518,357.535783168248,8920247
797,107,474.21020716774,357.554651750837,1999154.25
1617,107,495.188815784725,357.564022391183,842780.5
4315,107,475.202428147805,357.526124790737,272111.0625
5360,107,496.192098371202,357.460504150391,209654.703125
5608,107,475.214056542371,357.535721261161,200550.640625
207,108,256.093523996139,52.8543552943638,8879873
1521,108,257.096825235867,52.8456043788365,895628.9375
208,109,312.156340796647,298.408295549665,8858813
1085,109,313.159836395347,298.370868791853,1354065
209,110,453.198675410939,290.056091308594,8826261
811,110,454.202090782545,290.046802629743,1976360.5
3057,110,551.685784568996,289.746338762556,399930.34375
3696,110,455.20434204995,290.075102015904,324839.25
5315,110,552.187400483098,289.802700369699,211362.6875
212,111,426.235550439987,260.782947649275,8583961
317,111,400.219738799488,260.792340959821,5827275
871,111,427.238693358904,260.792354910714,1791975.25
1294,111,401.223386430454,260.772889927455,1105531.75
215,112,259.129615301216,274.537322998047,8556628
216,112,227.103001075424,274.137853131975,8523231
1342,112,260.132932638573,274.500357491629,1043857.3125
1375,112,228.106274989421,274.165236118862,1009007.125
217,113,190.053253071346,242.970004611545,8475083
2018,113,191.05655345276,242.966197422573,642967
3201,113,192.049027727858,242.956804983956,379908.75
218,114,130.049447583177,73.1569982829847,8328131.5
319,114,250.057738860132,73.9136101858956,5798058.5
485,114,231.097984224327,72.7430629185268,3683873.75
1556,114,232.081996855894,73.8478413173131,880693.625
2232,114,251.061001171002,73.9041425432478,571286.25
2717,114,131.052783190784,73.1072967529297,459944.28125
3610,114,232.1012344218,72.6683868408203,360776.0625
221,115,401.015011384426,51.283096631368,8215120
689,115,563.066931736508,50.9105828421457,2372248
1446,115,402.018858210164,51.1344443184989,946319.125
2521,115,564.070309617043,51.0170721871512,499176.6875
228,116,312.094773128021,72.216084128932,7998119.5
1488,116,313.098402724562,72.2792069284539,921546
231,117,438.583032063156,86.0967993600028,7905404.5
643,117,439.084571366761,86.1149462018694,2587150.5
874,117,328.114684934244,85.3609375,1787459.5
1670,117,439.585636102598,86.1239964076451,806993.875
4703,117,329.118365818685,85.3343368530273,244925.703125
361,118,325.183931072995,658.608257092928,7664121.5
246,119,503.28699095721,391.477689034598,7301380
780,119,504.290309313263,391.496791294643,2057093.375
2489,119,571.27375324129,391.449244035993,505302.40625
3411,119,505.293055229461,391.515653773717,353193.375
4354,119,572.275936033029,391.258867536272,268862.28125
247,120,383.229714393621,320.238568987165,7299537.5
309,120,326.171907704855,320.114549037388,5951535.5
412,120,511.266509855675,319.675508335658,4283497
1068,120,384.233306556166,320.220653424944,1387785.75
1128,120,512.269854134766,319.750386265346,1302850.75
1473,120,327.175434059792,320.105269949777,931453.3125
2137,120,483.154543924636,320.117138671875,600923.75
6221,120,484.156784658743,320.173254394531,178944.046875
6320,120,385.235935891321,320.23842250279,175436.875
248,121,473.281708753438,725.350227757504,7247932
734,121,474.285076294698,725.37625443308,2205889.75
3480,121,475.288144231118,725.592151988636,346109.46875
253,122,303.083048185633,98.2805137634277,7177231
1531,122,304.086546724169,98.2090342930385,890774.5
254,123,489.234916764487,346.363909040179,7108560.5
850,123,490.238272518074,346.335406494141,1869904.125
2197,123,511.216399299247,346.382941545759,580183.5625
3846,123,491.240882186479,346.326058523996,308733.71875
6933,123,512.21968971673,346.401886858259,156261.6875
255,124,131.033452024195,109.5034145556,7108189.5
142,125,339.199422652984,706.563561690481,7058399
628,125,340.202831973513,706.415154708059,1486429.625
258,126,218.102548002547,200.875131661551,6950268
1779,126,219.105840355135,200.836831229074,743602.5
259,127,181.049439864315,230.93755086263,6939661
1937,127,182.052779530575,231.000639125279,672863.0625
266,128,130.942652510178,751.986066316303,6878419.5
263,129,242.077701603119,47.35610654619,6867080.5
1986,129,243.080967805275,47.3717205592564,655731.1875
120,130,88.0393537811875,53.2298443442897,6741042.5
272,131,544.225302324052,233.856326729911,6654789
929,131,545.228548810245,233.808743722098,1647145.25
1048,131,602.669620769086,233.347920880999,1426631.625
1424,131,566.206773469521,233.846023123605,962000.625
1885,131,603.171132523484,233.329067557199,693215.9375
3730,131,546.230655320497,233.921710641044,320292.375
4347,131,603.672494452307,233.319448416574,269215.875
4902,131,567.210144537506,233.82844456264,232941.828125
277,132,225.087301330094,174.561539132254,6582405
1820,132,226.09058128837,174.590294974191,721259
279,133,749.349215771442,384.834967912946,6546825.5
1351,133,374.208144309979,385.532787214007,1032872.8125
2387,133,615.313372802473,384.39090750558,526675.4375
5126,133,375.21172825839,385.563091169085,220970.953125
6046,133,616.316576723565,384.30365687779,184465.234375
285,134,119.033364853082,45.8294299276252,6449518
292,135,211.071500020508,98.5522842407227,6307508.5
1363,135,488.198857229734,99.3634283883231,1022396.1875
2174,135,212.074811095586,98.5037203107561,588710.625
5088,135,489.202312628479,99.3359466552734,222981.8125
297,136,672.334921015415,302.373674665179,6238562
604,136,187.005915395124,301.636015101842,2792462
713,136,673.337478185178,302.373585728237,2296516.25
2409,136,740.321290690359,302.373870849609,522892.6875
2497,136,674.340057621377,302.41166469029,503303.78125
5268,136,188.009254067681,301.645431082589,213790.703125
5556,136,741.324683179197,302.401767403739,202331.234375
299,137,601.26524598493,315.279249790737,6181509.5
882,137,602.268273425655,315.289475795201,1763335.5
301,138,685.316111742423,438.801995849609,6100096.5
419,138,685.817432937095,438.811570521763,4226415.5
881,138,686.31863853202,438.849520438058,1765232.875
972,138,550.360268876018,439.392768205915,1570431.125
2333,138,686.819844855921,438.821287318638,539419.625
2545,138,551.363621130093,439.535530308315,494275.5
2644,138,696.306523381552,438.85916922433,474751.71875
3446,138,696.807938593176,438.830452183315,349425.375
6963,138,697.30951524931,438.744386509487,155107.125
305,139,130.942649930887,777.416148938631,6041156
796,139,101.932086866559,776.749373586554,2000022.625
1871,139,131.942788563402,776.075725354646,699042.9375
2549,139,102.930327056589,776.637330707751,492931.59375
308,140,551.282775820393,348.980235072545,5952519
948,140,552.286007583397,348.980167061942,1605417.5
310,141,213.087172975457,194.631781260173,5949069.5
2205,141,214.090467146532,194.723960222517,577504.0625
326,142,253.144168360784,497.326260215358,5684589.5
1572,142,254.147502265224,497.326384694953,867537.9375
327,143,149.044124483764,42.8687410856548,5654349
331,144,452.277669952696,644.334569027549,5511104
336,145,488.199081725606,269.67009538923,5419735
1254,145,489.202462293183,269.670110212054,1149901.75
2090,145,567.156458527645,268.459663609096,620621.0625
2379,145,556.164637496883,270.11807686942,527238
3787,145,556.666112237484,270.070915004185,312860.1875
4196,145,567.658386108568,268.600399344308,281000.53125
5521,145,490.204518862873,269.726411655971,203598.453125
350,146,256.129895801248,44.4183904375349,5149446.5
357,147,174.954852937003,765.172872442948,5059853.5
5954,147,175.958203772314,765.380139802632,187442.765625
358,148,733.499807348563,749.993319862767,5032528.5
764,148,734.503329460986,753.806457519531,2113817
359,149,733.499854717585,769.761237250434,5023410.5
360,150,160.840636141076,41.2258066449847,5013037.5
783,151,355.198400076692,227.271044049944,2036954.125
3499,151,356.20203395164,227.280585152762,343700.9375
374,152,688.314062024249,333.060961914062,4775091.5
1029,152,689.317117873131,333.013383265904,1462501.5
375,153,121.027876973143,277.108302066201,4769623.5
3255,153,122.03125181088,277.072430259303,373036.96875
380,154,202.071076845926,100.374002817515,4602990
788,154,287.088215085976,101.576824790553,2026153
3146,154,203.074415239695,100.29421408517,388534.65625
5059,154,288.091628253545,101.305351039342,224377.78125
385,155,364.104552257139,84.2953981966586,4532231
766,155,363.106872484201,84.3038862073744,2110914.5
2044,155,365.101983682541,84.3732402904614,634967.75
2161,155,432.091523497772,84.5213569434913,592360.375
2919,155,431.093794783496,84.566050555255,424300.21875
386,156,702.505714635765,726.406691701789,4512608.5
870,156,703.508984000837,726.192788613809,1792099.625
2833,156,704.511870898275,726.380493164062,440852.28125
392,157,274.119575899936,263.101223318917,4455411.5
457,157,318.109174705685,263.729639543806,3872912.5
548,157,240.134813198357,262.624571010045,3226903
578,157,272.103933026408,263.70134538923,3036958
1263,157,320.12475673461,263.110645403181,1144575.875
2146,157,319.112693923636,263.663579450335,598582.125
2614,157,273.107353082081,263.767158726283,479915.03125
3353,157,241.138072847915,262.643274797712,359455.53125
398,158,630.297861404526,359.323477608817,4375016
1159,158,631.301005549804,359.31397530692,1265923.625
405,161,125.03410212725,79.8697664361251,4329614.5
2740,161,502.630115971432,79.2544431413923,455902.3125
5195,161,126.037451840378,79.9144498552595,217533.71875
5912,161,503.13164889452,79.291004725865,188961.328125
408,163,569.292959841485,300.194648088728,4294284.5
602,163,130.08582149837,299.986283151727,2893536.25
1111,163,473.224624241706,300.308249337333,1325887.625
1219,163,570.296206693463,300.156235177176,1197106.625
4083,163,474.22803226196,300.271121651786,287562.09375
5963,163,131.089167250925,300.038750096371,187549.03125
6440,163,475.230308605896,300.166451590402,171844.78125
409,164,282.084085617535,77.3462213052286,4293154
2603,164,283.087566966417,77.3957612779405,482091.15625
418,166,217.11853328442,227.555541556222,4244024
2925,166,218.121817045387,227.527051217215,422170.8125
423,167,535.082992279033,225.122418855366,4192621.25
959,167,535.584419378889,224.739060756138,1590438.875
1716,167,536.083550447862,224.985976300921,782063.375
2190,167,546.074008708708,224.749426705497,582048.75
5517,167,536.58415326497,224.844795009068,203917.359375
5536,167,546.575366623671,224.767831856864,203013.75
427,168,330.112700202049,259.576436070033,4156483.75
2312,168,331.116306654555,259.557409667969,545613
432,170,309.173940192636,636.904430188631,4103922.25
2114,170,310.17736692281,636.888360274465,611905.5
433,171,733.500052385378,655.611655099051,4075038.5
904,171,734.50356686134,655.969386509487,1698938.25
2966,171,735.506518694718,657.476488615337,427701.15625
440,172,442.172959960368,306.046289934431,4001854.5
1510,172,443.176481095429,306.046595982143,915394.9375
443,173,588.098679368006,59.3420838492257,3977600.25
1538,173,589.102231629859,59.4648231506348,889543.9375
5095,173,590.103924554485,59.744724382673,222546.734375
450,174,575.230419574805,82.8692557198661,3897227
1295,174,469.277026207314,82.8128361293248,1104927.125
1453,174,576.233650310193,82.914926801409,942213.125
4664,174,470.280521889019,82.8307006835937,247838.046875
455,175,115.038545524548,118.20423367149,3875784
5236,175,116.041909322734,118.32083651894,215217.3125
462,176,130.085826716419,308.601296675833,3852477.5
3927,176,704.729623281078,309.12828805106,301189
4601,176,131.089173300582,308.749513324938,252456.4375
5837,176,705.231227880615,309.195032610212,191755.015625
464,177,206.08130687055,350.578626360212,3840272.25
2870,177,207.0846206283,350.569152832031,434865.15625
473,178,309.10892694336,160.347880336217,3786270.25
2324,178,310.11237202622,160.318747384208,543385.125
475,179,719.484195538846,758.244281969572,3760751.5
968,179,720.487678072452,758.349393956801,1578125.625
3227,179,721.490781485272,761.400609633502,376653.5
486,180,696.391768507109,329.485496303013,3674301.5
1150,180,697.394789880945,329.513701520647,1275885.875
3872,180,698.397461488078,329.476145717076,305988.75
505,182,728.342753815261,379.691728864397,3545992.25
1071,182,729.345705184656,379.672897774833,1372805.25
1144,182,652.366022197913,379.102579171317,1280969
2886,182,653.369196833233,379.131257847377,430299.4375
3259,182,730.346424792288,379.701452636719,372236.625
514,183,640.329788934357,344.265764508929,3498101
1282,183,641.332876232793,344.256339808873,1125327.5
4498,183,662.309935969034,344.312860979353,258404.59375
4522,183,661.322125332214,344.048078264509,257067.84375
522,184,132.921914694393,36.4941626097027,3423434
3063,184,133.922062751976,36.4850796147397,399231.3125
523,185,293.179093598659,668.98487291838,3411254.75
2382,185,294.182207454451,669.349546733655,527088.4375
530,186,246.016810252117,65.5577865600586,3315169.75
4363,186,247.020211077575,65.5852303641183,268319.875
535,187,546.733516465554,311.609320068359,3288211.25
903,187,547.235102863312,311.53477608817,1705617.625
536,188,277.085982634416,133.399611990792,3284912.25
3474,188,278.089456742777,133.459726121691,346858.96875
554,190,450.262039553728,626.748156738281,3210458
1846,190,451.265424829817,626.729781668527,711212.5
555,191,290.114363901059,105.562185668945,3209002.5
772,191,336.119844723745,105.561991228376,2081996.125
925,191,230.066306731557,104.933782958984,1650418.875
2761,191,291.117791796478,105.581153433664,452095.15625
3508,191,337.123377994522,105.562520054408,343220
6719,191,231.069632258759,104.886218915667,162207.390625
556,192,478.293068682967,649.433378520765,3208037.5
1713,192,479.296506711606,649.414875139509,783458.8125
565,196,443.177800489692,282.370333426339,3149750.5
2096,196,444.181308249443,282.341507393973,618103.4375
577,201,719.484317360085,773.400934128534,3039584.25
1186,201,720.48774243835,773.011483328683,1226737.625
587,203,602.114436578022,89.5429957798549,2966566
1272,203,610.111174779819,90.2916344778878,1134426.75
2088,203,603.117659821842,89.5053580147879,621615.75
4332,203,611.1142179838,90.2828205653599,270962.96875
601,204,688.489996634829,681.114515516493,2836566.25
1292,204,689.49332867445,681.187850952148,1115449.5
4433,204,690.496276991574,681.189231024848,263285.5
608,206,553.229684931154,312.21942313058,2765645.25
1671,206,554.23277253619,312.201239013672,805546.5625
6563,206,555.235469557112,311.90244140625,167469.546875
613,207,387.18815657656,103.086242021833,2739941.25
1953,207,504.230213801093,102.667651149205,666977.4375
2861,207,388.191972525884,103.124227033343,436296.09375
7100,207,505.233650183833,102.58258165632,150785.609375
616,209,666.345299706582,387.701532854353,2721415.25
731,209,437.276366895523,386.986589704241,2220120.25
1475,209,667.348384095939,387.711464146205,930356.875
2482,209,438.279875538546,386.967463030134,506291.78125
5247,209,668.350947868435,387.768575613839,214647.875
620,210,144.92198795029,31.4593612771285,2712146.25
4081,210,145.922159290343,31.8672607321488,287642.21875
622,211,385.208839885782,211.154772077288,2697518
1950,211,700.324605683944,210.126088605608,669488.6875
2719,211,386.212485323863,211.164975411551,459756.15625
4633,211,701.327667314419,210.144977242606,249737.390625
627,212,200.128174705407,419.380255998884,2676890.25
3117,212,566.748929699075,419.004343959263,391847.34375
4023,212,201.131488225626,419.351702880859,292646.59375
5243,212,567.250611013195,419.119895717076,214907.3125
635,213,525.230332944075,206.838359723772,2628910.25
2052,213,526.233647327104,206.79095589774,633940.0625
657,215,471.260581664889,402.929026576451,2513091.75
1908,215,472.263972449276,402.900646100725,683469.5625
3386,215,566.257109976071,402.561819893973,355044.03125
5677,215,566.758701454967,402.562738037109,197218.953125
662,217,534.292188976931,465.910226004464,2483142.5
1777,217,535.295470675975,465.919439697266,744518.75
673,219,476.092203993823,110.433946089311,2419531.5
3217,219,477.095248012451,110.428734207153,377766.53125
5588,219,478.087181274599,110.469199547401,201310.703125
698,223,442.051310364652,114.654276741876,2353309
1880,223,442.552700575422,113.51531510126,695126.375
4232,223,443.050975161801,113.900753929501,278206.90625
709,224,682.376109388068,373.258006068638,2317606
1607,224,683.379140759979,373.295911516462,848377.5625
718,226,259.129604034251,97.1550637381417,2261922
1010,226,287.088210150347,96.161055514687,1564108.75
993,226,301.15137590491,97.3532357352121,1535035.25
4507,226,260.132942338908,97.1264524187361,258023.734375
6031,226,302.154930607644,97.3437013898577,184883.3125
6122,226,288.091640435398,96.1495019095285,182246.96875
720,227,313.238271489584,583.67362735146,2260636
3071,227,314.241637200307,583.65478515625,398288.3125
813,229,550.214547298823,249.089538574219,1974051.375
2463,229,551.217846771973,249.051673235212,510502.6875
770,236,746.352968656166,337.163601248605,2085200.75
1573,236,747.355959232291,337.125295584542,867081.125
2536,236,503.705455373317,337.805253383091,495700.125
4878,236,504.207050093803,337.795664760045,233992
822,242,117.926971172747,21.4017744064331,2004860.25
833,242,193.925595349464,23.792329788208,1917781.75
1195,242,192.927742252134,21.6562688225194,1220080.625
1534,242,261.913738242207,22.7294143375597,870683.375
2347,242,328.903260631133,22.5005501195004,534324.125
5594,242,328.903261238779,22.1409531141582,534324.125
2371,242,118.925197835818,21.9695197406568,528595.1875
2537,242,260.915900358007,21.940347571122,496408.25
2675,242,194.923196810716,24.518120364139,469362.9375
4021,242,329.901009656243,23.7691184596012,291072.78125
5930,242,262.911256835327,23.1448928933395,190965.296875
6588,242,341.856679229747,23.0327208669562,166480.515625
7093,242,342.854315762678,22.9185411553634,150934.34375
803,244,437.276404614436,381.613820975167,1986025.375
2764,244,438.279893362783,381.604229736328,451718.25
4699,244,734.823745959889,381.025947570801,245241.9375
6298,244,735.325170093289,381.096070160737,176518.703125
806,245,580.308843435545,237.575118146624,1981848.5
2171,245,581.312046316672,237.536725289481,589750.9375
818,246,560.14305077322,128.258476911272,1966485.25
1587,246,560.644551221868,128.152870178223,859158.1875
3999,246,561.145724627882,128.392344665527,294943.375
825,247,219.076677761827,95.8929246266683,1940138.75
5002,247,220.079996042127,95.864523097447,226883.390625
851,249,634.323114022973,392.645282854353,1869530.375
1866,249,635.326276668592,392.635777936663,702508.1875
857,250,193.925602766449,152.044277793483,1857344
1330,250,192.927748136518,150.725324530351,1108108.5
1735,250,261.913763995182,151.744233783923,791940.625
2884,250,260.91591843478,151.32677700645,461475.15625
3050,250,194.923209662766,150.12572479248,436424.90625
3141,250,146.92201888026,152.332725123355,400304.1875
3443,250,147.919759072991,152.345356589869,350100.6875
6492,250,262.911282337311,151.785969784385,180858.53125
1343,252,406.161482590895,225.434212820871,1043541.6875
5348,252,407.16510359042,225.339510236468,210118.703125
869,254,186.112432142811,369.700079666941,1800507.5
5603,254,187.115786487318,369.801009695871,200823.9375
875,255,242.175663708154,500.560717130962,1786145.25
4726,255,243.17898189911,500.525307906301,243474.8125
877,256,660.459164652194,765.365319824219,1784272
1854,256,661.462477226869,765.34629952567,707326.5
6885,256,662.465373069761,765.271752929688,157824.171875
945,257,193.925623678586,103.425105446263,1776553.5
1540,257,192.92776760854,104.790857616224,1101290.75
1925,257,261.91378611432,103.633868769595,785947.125
3341,257,260.915937847383,102.40588820608,461906.59375
3275,257,146.922068325416,101.624798824913,426041.09375
3331,257,147.919765400535,102.530303352757,363104.03125
895,258,193.92561252682,121.452958357962,1767569.125
1399,258,192.927758063502,122.666741622122,1098543.625
1803,258,261.913777522437,123.701311613384,791531.125
2842,258,260.915934788329,122.997839676706,471256.59375
3009,258,194.923219676982,121.691486358643,426169.59375
3135,258,146.922036610371,121.278993104634,404539.40625
3673,258,147.919761105975,122.659664354826,326692.90625
4044,258,91.930152631916,123.409673590409,311540.375
6642,258,90.9323799940154,122.827781677246,188300.65625
7097,258,262.911307169659,122.45754502949,187134.953125
887,260,356.146129206896,316.28185773577,1746025.875
965,260,545.235752826068,316.082717459542,1581552.375
2943,260,546.239208003307,316.0921875,419367.125
4393,260,357.149694601498,316.272413853237,266169
921,266,662.474839333085,667.563424004449,1663171
2015,266,663.478266028593,667.519950018989,644535.0625
922,267,657.32379163329,396.148180280413,1662888
2158,267,658.326982305869,396.129289027623,592716.8125
878,268,193.925675946714,74.8073547764828,1650233
2030,268,192.927813371662,74.5072483263518,1060467.125
2934,268,194.923291456537,74.6425174913908,398286.8125
2913,268,146.922135744642,74.3506280999435,366964.5
4696,268,147.919781921549,74.6669096695749,309591.4375
926,269,293.175749419571,532.178216231497,1649877.375
4109,269,294.178847898243,532.134894120066,286135.75
928,270,382.549713224146,184.513644569799,1647533.75
3179,270,383.051268583006,182.749953787667,388994.0625
934,272,435.187736099497,214.420595877511,1642684.875
3494,272,436.191252815529,214.382248796735,344282.21875
1460,273,193.925629945028,67.6551170349121,1633094.875
2223,273,192.927770464388,67.6636027285927,982463.1875
1915,273,261.913793266956,67.7470956099661,681834.8125
3127,273,260.915956223668,67.7046707554867,380852.9375
3328,273,146.922140803525,67.7135587993421,367950.84375
4883,273,194.923231791048,67.9012597736559,363763.71875
3990,273,147.919772539959,67.901925337942,295878.75
940,274,179.033749209485,144.73696497867,1631936
6555,274,180.037060668876,144.094583565848,167571.28125
973,278,583.308488993179,325.303517368862,1568948.625
2692,278,584.311819586057,325.183378383092,465906.46875
1231,279,629.307808891285,314.154336983817,1180513
3311,279,630.310523086478,314.135356794085,365980.3125
1022,285,551.318890170337,322.735656738281,1470786.75
2859,285,552.322279326285,322.725999232701,436577.1875
1073,295,226.118927938174,203.14129808214,1370468.25
6938,295,227.122203571731,203.21444266183,156047.6875
1095,298,573.666642311979,200.550117274693,1344998.625
1906,298,574.16814729078,200.54049987793,683764
5156,298,574.669330395376,200.379182652065,219459.546875
1548,300,684.38184000253,378.789827183315,883969.4375
3566,300,685.384967437587,378.837289864676,337145.34375
1115,302,745.354100309202,450.982444545201,1321700.75
2313,302,746.357394261962,451.00123726981,544961.25
1133,304,634.443478767884,755.523128836496,1294626.25
2703,304,635.446924826137,755.532385253906,463412.84375
1175,309,234.112888189822,427.16508265904,1242113.875
6333,309,235.116206730817,427.203334263393,174945.609375
1201,312,311.168376400813,777.157353451378,1216838.5
5006,312,312.171810779641,776.509942305715,226796.796875
1267,319,527.249945061122,468.155507986886,1140268.625
3679,319,528.253299110842,468.136841692243,326165.0625
1279,320,292.082537655104,313.081021554129,1128928.375
6176,320,293.085943322557,313.033660016741,180880.9375
1360,321,365.139831985327,620.563614694696,1110490.375
6084,321,366.14325762991,620.055248059724,183172.140625
1312,324,693.468501651002,720.97645350865,1080267.25
2853,324,694.471885883598,720.849680047286,437694.8125
1315,325,337.205265361059,693.201697098581,1074997.25
5914,325,338.208656888386,693.38866203062,188835.15625
1322,327,674.474290973012,658.499632093641,1065733.125
3004,327,675.47765431695,658.553922865126,407476.75
1339,329,312.999746862746,140.933258056641,1046280.3125
2124,329,312.002032394704,140.70463180542,608827.8125
5532,329,313.996323219968,140.608273824056,203276.75
5717,329,380.986893524954,140.906887902154,195807.25
6677,329,379.989201076278,141.292792850071,163563.953125
1356,332,492.280646309381,591.578093610491,1027141.8125
3972,332,493.284019516618,591.568338448661,297191.28125
1374,336,454.12829050283,401.897342354911,1009048.125
4455,336,455.130586741245,401.851003592355,261839.421875
1614,337,586.28711976851,361.184061104911,845419.6875
4132,337,587.290438836947,361.231793212891,284821.875
1384,339,358.180498750417,332.170118931362,995030.125
6252,339,359.184071857934,332.122977992467,178089.6875
1600,341,540.169979724542,75.7883828299386,851004.9375
6055,341,541.173299782447,75.7406934465681,184007.09375
1415,347,652.340648742658,161.386931501116,968385.4375
3712,347,653.343811386349,161.319898768834,323071.53125
1483,357,688.489789361403,692.599831475152,927299.6875
3039,357,689.493224960282,692.509309556749,402962.6875
1514,359,486.236393894714,288.520850481306,904252.0625
5226,359,487.239610681485,288.530280412946,215816.578125
1532,363,456.180344014898,428.4624886649,890549.375
6246,363,457.183742770213,428.433446393694,178222.765625
1536,364,666.312778542896,407.235345458984,890133.0625
3547,364,667.315935599956,407.216008649554,338971.75
1625,374,665.437821784745,718.370125063004,837870.375
3582,374,666.441220421265,716.799231487772,335205.96875
3560,375,634.792083386805,441.29293648856,337830.1875
5468,375,635.293681714346,441.350092424665,205567.890625
1642,376,716.52103532202,747.688286675347,827694.125
3702,376,717.524570019627,747.788046942817,324347.25
1645,377,489.201716798823,278.4584097726,827056.625
2165,377,488.199048471423,278.506116594587,591301.75
6090,377,490.204994365735,278.439439174107,183052.71875
1652,379,566.281897558687,389.814658028739,825468.3125
4725,379,567.28523773233,389.814871651786,243482.203125
1683,383,599.318681883838,398.091838727679,799106.6875
4385,383,600.321944047054,398.034497070313,266611.96875
1727,390,730.536653654661,678.21600511339,774256.25
3524,390,731.540020337644,678.222171359592,341591.5
1760,394,610.111040216101,96.7095267159598,754804.3125
6455,394,611.114110424099,96.6718957083566,173587.4375
1776,398,665.437992353923,740.576566060384,730600.8125
4140,398,666.441398117542,740.445974249589,284446.78125
1829,401,693.468491571699,744.552340803475,717293.5
4019,401,694.472021215182,747.684675736861,292723.3125
1837,403,635.477523348781,626.786775287829,714067.125
3598,403,636.480873670719,626.76974166067,333115.8125
1910,407,437.28183097351,686.701130114104,683069.5625
6441,407,438.285252074693,686.800516183036,171485.65625
1955,415,747.515299435052,741.801219593395,665637
3962,415,748.518316516776,743.619125828598,301405.03125
1970,418,693.468424795718,765.991369628906,659321.8125
4702,418,694.471994795297,767.351379394531,254365.703125
2009,422,423.326413072102,677.079454923931,646039.5
5587,422,424.329803182079,677.063389828331,201339.71875
2027,425,581.524814162516,709.972079628392,639160.5625
4616,425,582.528174948499,710.110773990029,251412.265625
2031,426,747.515347593392,763.200319487473,638429.625
4125,426,748.518286079375,762.294962565104,285217.09375
2050,427,691.453146376161,759.529735858624,634260.3125
4415,427,692.456419111214,756.246618652344,264500.5625
2131,439,425.363176444694,739.930353655134,604613.9375
6748,439,426.366554281738,739.920188685826,161462.984375
2518,458,691.453050014096,772.456852082283,549715.0625
4915,458,692.456153743624,770.542155674526,232015.15625
2342,468,672.831257788532,472.694358607701,535637
3069,468,673.332227506075,472.636649867467,398365.0625
6313,468,673.833601148123,472.704424176897,175865.46875
2358,472,632.427759617241,730.180775669643,531522.5625
5577,472,633.431153558327,730.058325195312,201666.234375
2701,485,323.884050940739,33.9249530591463,463833.5625
3683,485,322.886284575715,33.9421302393863,325909.0625
2573,489,705.468524320578,704.79460144043,487147.375
5254,489,706.47199165599,703.265110270182,214456.59375
2590,492,146.92195739167,811.025038869757,484729.9375
3007,492,147.91975091946,813.296780234889,407121.4375
3345,492,91.9301340965515,814.105083264803,361411.40625
6568,492,90.9223868915866,812.119434557463,167234.96875
3716,503,569.274323888316,374.472433035714,322091.9375
5655,503,569.775624060333,374.366730608259,198236
2726,504,458.07644641932,198.137447248186,457778.34375
6701,504,458.577955160273,198.118116978237,162697.125
2737,506,705.468588727155,719.382515199723,456263.28125
5946,506,706.472082860624,719.10519191197,187590.171875
2819,516,705.468419519019,739.271606445312,442845.71875
6009,516,706.472090387728,739.932668585526,185547.0625
2972,529,709.38790104162,474.676004464286,414019.625
3572,529,709.889399603635,474.685445731027,336542.75
3160,546,438.565455348005,171.511024257115,385887.40625
6908,546,439.067051221876,171.520352608817,157172.3125
3456,565,676.309790870816,457.741258021763,348763.34375
4220,565,676.811311082165,457.779544503348,279421.40625
3641,585,491.644176736407,266.329209980212,329852.28125
6741,585,492.145683851385,266.213509810598,161627.609375
4326,637,577.278938134831,432.861034284319,271220.1875
6451,637,577.780458801768,432.879942103795,171410.265625
6115,726,341.856710475224,821.869823255037,183443.546875
6697,726,342.854327469197,819.012420654297,162763.09375
